{
  "2D": 423.763000011444,
  "3D": 19.8470003604889,
  "AssetLib": 394.230000257492,
  "Editor": 6727.21700000761,
  "External": 1229.54799985886,
  "Game": 1899.19600081444,
  "Script": 2760.63299870489
}